<root>
    <participant>
        <firstname>Archies</firstname>
        <lastname>Singh</lastname>
        <city>Nagpur</city>
        <email>archies.singh@valtech.com</email>
    </participant>
    <participant>
        <firstname>Anmol</firstname>
        <lastname>Varshney</lastname>
        <city>Badaun</city>
        <email>anmol.varshney@valtech.com</email>
    </participant>
    <participant>
        <firstname>Sharan</firstname>
        <lastname>R</lastname>
        <city>Bangalore</city>
        <email>sharan.r@valtech.com</email>
    </participant>
    <participant>
        <firstname>Sneha</firstname>
        <lastname>Satish</lastname>
        <city>Mysore</city>
        <email>sneha.satish@valtech.com</email>
    </participant>
    <participant>
        <firstname>Harshitha</firstname>
        <lastname>R</lastname>
        <city>Bangalore</city>
        <email>harshitha.r@valtech.com</email>
    </participant>
    <participant>
        <firstname>Moulidhar</firstname>
        <lastname>B</lastname>
        <city>Kolar</city>
        <email>moulidhar.b@valtech.com</email>
    </participant>
    <participant>
        <firstname>JayaKumar</firstname>
        <lastname>A</lastname>
        <city>Bangalore</city>
        <email>jaya.kumar@valtech.com</email>
    </participant>
    <participant>
        <firstname>Pavan</firstname>
        <lastname>N</lastname>
        <city>Mysore</city>
        <email>pavan.n@valtech.com</email>
    </participant>
    <participant>
        <firstname>Mohammed</firstname>
        <lastname>Wasil</lastname>
        <city>Bangalore</city>
        <email>mohammed.wasil@valtech.com</email>
    </participant>
    <participant>
        <firstname>Syeda</firstname>
        <lastname>Saniya</lastname>
        <city>Bangalore</city>
        <email>syeda.saniya@valtech.com</email>
    </participant>
    <participant>
        <firstname>Himani</firstname>
        <lastname>Sahoo</lastname>
        <city>Bhuvaneshwar</city>
        <email>himani.sahoo@valtech.com</email>
    </participant>
    <participant>
        <firstname>Anirudh</firstname>
        <lastname>Herady</lastname>
        <city>Mangalore</city>
        <email>anirudh.herady@valtech.com</email>
    </participant>
    <participant>
        <firstname>Mihir</firstname>
        <lastname>Kumar</lastname>
        <city>Patna</city>
        <email>mihir.kumar@valtech.com</email>
    </participant>
</root>